{"cameraMode":{"drawMode":0,"name":"Shaded","section":"Shading Mode"},"sceneLighting":false,"audioPlay":false,"sceneViewState":{"showFog":true,"showMaterialUpdate":false,"showSkybox":false,"showFlares":true,"showImageEffects":true,"showParticleSystems":true},"in2DMode":false,"pivot":{"x":7.450580596923828e-9,"y":1.452146291732788,"z":-7.450580596923828e-9},"rotation":{"x":0.07232565432786942,"y":0.8964698314666748,"z":-0.15925191342830659,"w":0.40713322162628176},"size":0.42311084270477297,"orthographic":false}