{"cameraMode":{"drawMode":0,"name":"Shaded","section":"Shading Mode"},"sceneLighting":false,"audioPlay":false,"sceneViewState":{"showFog":true,"showMaterialUpdate":true,"showSkybox":false,"showFlares":true,"showImageEffects":true,"showParticleSystems":true},"in2DMode":false,"pivot":{"x":0.068817138671875,"y":1.0429999828338624,"z":0.4384557902812958},"rotation":{"x":0.14418739080429078,"y":0.7379180788993836,"z":-0.16680282354354859,"w":0.637864351272583},"size":1.2117018699645997,"orthographic":false}