{"cameraMode":{"drawMode":0,"name":"Shaded","section":"Shading Mode"},"sceneLighting":true,"audioPlay":false,"sceneViewState":{"showFog":true,"showMaterialUpdate":true,"showSkybox":true,"showFlares":true,"showImageEffects":true,"showParticleSystems":true},"in2DMode":false,"pivot":{"x":1.0534858703613282,"y":0.9459595680236816,"z":8.231978416442871},"rotation":{"x":0.14418739080429078,"y":0.7379180788993836,"z":-0.16680282354354859,"w":0.637864351272583},"size":2.0909764766693117,"orthographic":false}